<?xml version="1.0" encoding="UTF-8" standalone="yes"?>
<addon id="repository.kpdr" name="KPDR Repo" version="0.0.1" provider-name="KPDR">
	<extension point="xbmc.addon.repository" name="KPDR Repo">
		<dir>
			<info compressed="false">https://raw.githubusercontent.com/noobsandnerds/modules4all/master/zips/addons.xml</info>
			<checksum>https://raw.githubusercontent.com/noobsandnerds/modules4all/master/zips/addons.xml.md5</checksum>
			<datadir zip="true">https://raw.githubusercontent.com/noobsandnerds/modules4all/master/zips/</datadir>
		</dir>
		<info compressed="false">https://raw.githubusercontent.com/wxflint/repository.kpdr/master/zips/addons.xml</info>
		<checksum>https://raw.githubusercontent.com/wxflint/repository.kpdr/master/zips/addons.xml.md5</checksum>
		<datadir zip="true">https://raw.githubusercontent.com/wxflint/repository.kpdr/master/zips/</datadir>
	</extension>
	<extension point="xbmc.addon.metadata">
		<summary lang="en">Only The Best Addons</summary>
		<description lang="en">Addons for KPDR</description>
		<genre>comedy,documentary,kids,movies,sports,tvshows,wizard,usa</genre>
	</extension>
</addon>